{"data":{"categoriesValue":[2001,2002,2003,2004,2005,2006,2007,2008,2009,2010,2011,2012,2013],"dataValue":[0.412338,0.412694,0.403921,0.389373,0.371175,0.351488,0.331708,0.313528,0.297317,0.283871,0.27332,0.267935,0.262331]}}