{"data":{"categoriesValue":[2001,2002,2003,2004,2005,2006,2007,2008,2009,2010,2011,2012,2013],"dataValue":[0.305538,0.326406,0.348388,0.37321,0.398856,0.42572,0.453065,0.480557,0.507456,0.533708,0.558572,0.582799,0.607002]}}