{"data":{"categoriesValue":[2001,2002,2003,2004,2005,2006,2007,2008,2009,2010,2011,2012,2013],"dataValue":[8.756903,9.609888,10.28704,10.790153,11.102443,11.262121,11.319663,11.326209,11.290393,11.206064,11.068895,10.922929,10.750208]}}