{"data":{"categoriesValue":[2004,2005,2006,2007,2008,2009,2010,2011,2012,2013],"dataValue":[18296,39873,64033.966667,89419,120857,159699,202978,261417,308172.66666700004,401645]}}