{"data":{"categoriesValue":[2001,2002,2003,2004,2005,2006,2007,2008,2009,2010,2011,2012,2013],"dataValue":[5.732479,5.6888,5.597811,5.470424,5.331859,5.190259,5.067474,4.957503,4.85486,4.753921,4.657481,4.563265,4.467981]}}