{"data":{"categoriesValue":[2001,2002,2003,2004,2005,2006,2007,2008,2009,2010,2011,2012,2013],"dataValue":[0.496887,0.49534,0.494034,0.493488,0.493081,0.492926,0.49263,0.491571,0.491057,0.491349,0.493136,0.493673,0.493499]}}