{"data":{"categoriesValue":[2001,2002,2003,2004,2005,2006,2007,2008,2009,2010,2011,2012,2013],"dataValue":[0.08275,0.088787,0.094496,0.099883,0.105056,0.109896,0.114054,0.118052,0.122229,0.126488,0.130995,0.135662,0.140618]}}