{"data":{"categoriesValue":[2001,2002,2003,2004,2005,2006,2007,2008,2009,2010,2011,2012,2013],"dataValue":[0.2366,0.254287,0.270095,0.283161,0.294435,0.303317,0.312016,0.320451,0.329103,0.337795,0.345316,0.352166,0.361724]}}