{
	"data": {
		"categoriesValue": [2001,
		2002,
		2003,
		2004,
		2005,
		2006,
		2007,
		2008,
		2009,
		2010,
		2011,
		2012,
		2013],
		"dataValue": [0.391042,
		0.391406,
		0.385576,
		0.375823,
		0.364322,
		0.352695,
		0.340898,
		0.329974,
		0.320064,
		0.311804,
		0.305474,
		0.302881,
		0.300297]
	}
}