{
	"data": {
		"categoriesValue": [2001,
		2002,
		2003,
		2004,
		2005,
		2006,
		2007,
		2008,
		2009,
		2010,
		2011,
		2012,
		2013],
		"dataValue": [0.080815,
		0.08536,
		0.089135,
		0.092053,
		0.094165,
		0.095924,
		0.097609,
		0.098962,
		0.100467,
		0.10232,
		0.10376,
		0.105762,
		0.108021]
	}
}